{"files":{"application-ade161d1e91d2681fc4329f8e5182e84.js":{"logical_path":"application.js","mtime":"2017-10-12T11:49:23-04:00","size":405640,"digest":"ade161d1e91d2681fc4329f8e5182e84"},"application-5301d8f5325f69c9c5ec974a91277d3e.css":{"logical_path":"application.css","mtime":"2017-10-12T11:49:23-04:00","size":328283,"digest":"5301d8f5325f69c9c5ec974a91277d3e"},"bootstrap/glyphicons-halflings-regular-90370a9da163642bfa6fc5c51952812d.eot":{"logical_path":"bootstrap/glyphicons-halflings-regular.eot","mtime":"2017-10-12T11:49:23-04:00","size":20127,"digest":"90370a9da163642bfa6fc5c51952812d"},"bootstrap/glyphicons-halflings-regular-df472830d7042a39a0efcbc63b2a474f.svg":{"logical_path":"bootstrap/glyphicons-halflings-regular.svg","mtime":"2017-10-12T11:49:23-04:00","size":108738,"digest":"df472830d7042a39a0efcbc63b2a474f"},"bootstrap/glyphicons-halflings-regular-f44f317d982c76494dd826579a086566.ttf":{"logical_path":"bootstrap/glyphicons-halflings-regular.ttf","mtime":"2017-10-12T11:49:23-04:00","size":45404,"digest":"f44f317d982c76494dd826579a086566"},"bootstrap/glyphicons-halflings-regular-dbea2ff0ebdb6f9488147f6606a58000.woff":{"logical_path":"bootstrap/glyphicons-halflings-regular.woff","mtime":"2017-10-12T11:49:23-04:00","size":23424,"digest":"dbea2ff0ebdb6f9488147f6606a58000"},"bootstrap/glyphicons-halflings-regular-295dfcc82121df34b90aab5905368da5.woff2":{"logical_path":"bootstrap/glyphicons-halflings-regular.woff2","mtime":"2017-10-12T11:49:23-04:00","size":18028,"digest":"295dfcc82121df34b90aab5905368da5"}},"assets":{"application.js":"application-ade161d1e91d2681fc4329f8e5182e84.js","application.css":"application-5301d8f5325f69c9c5ec974a91277d3e.css","bootstrap/glyphicons-halflings-regular.eot":"bootstrap/glyphicons-halflings-regular-90370a9da163642bfa6fc5c51952812d.eot","bootstrap/glyphicons-halflings-regular.svg":"bootstrap/glyphicons-halflings-regular-df472830d7042a39a0efcbc63b2a474f.svg","bootstrap/glyphicons-halflings-regular.ttf":"bootstrap/glyphicons-halflings-regular-f44f317d982c76494dd826579a086566.ttf","bootstrap/glyphicons-halflings-regular.woff":"bootstrap/glyphicons-halflings-regular-dbea2ff0ebdb6f9488147f6606a58000.woff","bootstrap/glyphicons-halflings-regular.woff2":"bootstrap/glyphicons-halflings-regular-295dfcc82121df34b90aab5905368da5.woff2"}}